solver,cora.graph,citeseer.graph,amazon_photo.graph,amazon_computers.graph,ogbn-arxiv.graph,Reddit.graph,ogbn-products.graph
walktrap,0.7645672,0.82624386,0.70292714,0.59677129,DNF,DNF,DNF
clustre_strong,0.81834816,0.88853757,0.73179736,0.63424494,0.68939883,0.73788497,0.87445097
leiden,0.8224289,0.89293351,0.73993491,0.64006238,0.7143497,0.74058842,0.88125635
hollocou,0.3743352,0.67103632,0.38628979,0.1682396,0.18116005,0.0311461,0.15466699
infoflow,0.69463227,0.79369405,0.52696848,0.3917469,0.32716216,DNF,DNF
vieclus,0.8254921,0.89419254,0.74009936,0.64165516,0.71741501,0.74169573,0.88195919
dcore,0.8254921,0.89419254,0.74009936,0.64169149,0.71750659,0.74169893,0.88278398
infomap,0.72835033,0.8188467,0.70218791,0.59605488,0.59469765,0.72012447,DNF
magi,0.70889088,0.75119436,0.70563154,0.57623401,0.45303821,0.58957399,DNF
ground_truth,0.64011881,0.53861814,0.63083265,0.47853713,0.49282546,0.70810515,0.72866156
louvain,0.81392981,0.88969347,0.73708346,0.63329293,0.70911784,0.72841131,0.87590289
clustre_light,0.54959886,0.61204561,0.54485909,0.42219176,0.39804483,0.65616307,0.66382607
