solver,Cora,Citeseer,Amazon-Photo,Amazon-Computers,OGBN-Arxiv,Reddit,OGBN-Products
Walktrap,0.24,0.11,4.70,27.13,DNF,DNF,DNF
CluStRE-Strong,0.00,0.00,0.01,0.03,0.36,2.55,16.29
Leiden,0.09,0.10,0.76,1.98,14.91,362.78,716.49
Hollocou,0.00,0.00,0.00,0.01,0.06,3.50,4.47
InfoFlow,11.00,13.00,18.00,28.00,214.00,DNF,DNF
VieClus,120.07,120.05,120.22,120.57,122.96,157.67,305.98
D-Core,33.05,23.07,37.68,44.66,117.50,96.86,282.45
InfoMap,0.04,0.07,0.51,0.92,12.41,281.70,DNF
MAGI,74.49,168.32,1061.14,4363.13,3869.06,3925.25,DNF
Ground-Truth,0.00,0.00,0.00,0.00,0.00,0.00,0.00
Louvain,0.01,0.01,0.21,0.49,4.56,154.16,444.65
CluStRE-Light,0.00,0.00,0.00,0.01,0.07,0.46,1.98
