algorithm,instance,run,memory,code,time,iterations,graph,nodes,edges,modularity,N,clusters,conductance,cut,f1,accuracy,tp,fp,tn,fn,ari,nmi,purity,invpurity
lim,citeseer,1,723208,0,905.4862,648,citeseer.graph,3327,9104,0.692420151,57389732,7,0.05650689,0.00005620,0.80884335,0.68848858,6000,2140,268,696,0.03158551,0.05812272,0.29425909,0.32611963
lim,citeseer,2,739460,0,1218.1838,880,citeseer.graph,3327,9104,0.775515928,64276944,8,0.03696252,0.00003404,0.82903735,0.71441125,6304,2208,200,392,0.09900840,0.11538295,0.41298467,0.34535618
vieclus,citeseer,1,20480,0,7.21787,0,citeseer.graph,3327,9104,0.894192542,74113196,425,0.00255034,0.00000233,0.83091408,0.71594903,6354,2244,164,342,0.09808518,0.37740343,0.75112714,0.20168320
vieclus,citeseer,2,20480,0,8.29451,0,citeseer.graph,3327,9104,0.894192542,74113196,425,0.00254846,0.00000233,0.83065254,0.71550967,6352,2246,162,344,0.09801987,0.37687718,0.75082657,0.20168320
ucode,citeseer,1,785972,0,459.01673698425293,1000,citeseer.graph,3327,9104,0.699475654,57974512,5,0.04119903,0.00003988,0.84510401,0.74318981,6378,2020,388,318,0.45304254,0.44299015,0.70033063,0.73700030
ucode,citeseer,2,785972,0,460.718523979187,1000,citeseer.graph,3327,9104,0.693339232,57465908,5,0.04843494,0.00005013,0.84654526,0.74824253,6322,1918,490,374,0.46146728,0.43899139,0.70574091,0.72708145
magi,citeseer,1,1030276,0,214.72748351097107,100,citeseer.graph,3327,9104,0.755137325,62587908,6,0.02772688,0.00002464,0.83770043,0.72649385,6426,2220,188,270,0.33228990,0.34157165,0.62789300,0.61466787
magi,citeseer,2,1030276,0,215.37643218040466,100,citeseer.graph,3327,9104,0.751718884,62304578,6,0.02567382,0.00002307,0.83810515,0.72671353,6440,2232,176,256,0.33594625,0.33640887,0.62248272,0.61406673
infomap,citeseer,1,21420,0,0.1220,0,citeseer.graph,3327,9104,0.853654972,70753328,405,0.00085694,0.00000080,0.84053113,0.72825132,6520,2298,110,176,0.17378356,0.38039476,0.74271115,0.31259393
infomap,citeseer,2,21420,0,0.1220,0,citeseer.graph,3327,9104,0.853654972,70753328,405,0.00085694,0.00000080,0.84053113,0.72825132,6520,2298,110,176,0.17378356,0.38039476,0.74271115,0.31259393
gnns,citeseer,1,1763212,0,48.109463691711426,50,citeseer.graph,3327,9104,0.846864035,70190476,57,0.05552571,0.00004122,0.80799565,0.68980668,5942,2070,338,754,0.04372324,0.14722975,0.47400060,0.12233243
gnns,citeseer,2,1763212,0,48.44469356536865,50,citeseer.graph,3327,9104,0.845821575,70104074,57,0.05302643,0.00004344,0.80886351,0.69112478,5950,2066,342,746,0.04122132,0.14339207,0.46438233,0.11421701
dmon,citeseer,1,850076,0,100.3026,1000,citeseer.graph,3327,9104,0.749230576,62098340,6,0.02512596,0.00002223,0.83894449,0.72781195,6454,2236,172,242,0.23763235,0.24720531,0.52930568,0.50586114
dmon,citeseer,2,850076,0,100.3079,1000,citeseer.graph,3327,9104,0.761796172,63139812,6,0.02581061,0.00002596,0.83833899,0.72803163,6420,2200,208,276,0.25955241,0.27975437,0.53742110,0.50946799
dgcluster,citeseer,1,915456,0,89.8464024066925,300,citeseer.graph,3327,9104,0.846464965,70157400,22,0.02674322,0.00002737,0.82499009,0.70891916,6246,2200,208,450,0.17334146,0.25429985,0.56928164,0.32551849
dgcluster,citeseer,2,915456,0,91.00552415847778,300,citeseer.graph,3327,9104,0.848519915,70327720,27,0.02818508,0.00002805,0.82415254,0.70826011,6224,2184,224,472,0.17163906,0.24789851,0.57288849,0.32100992
commdgi,citeseer,1,872188,0,2046.8522,1001,citeseer.graph,3327,9104,0.682385381,56558022,4,0.01743762,0.00001704,0.84658945,0.73813708,6578,2266,142,118,0.35700218,0.38091747,0.59122332,0.74812143
commdgi,citeseer,2,872188,0,2042.6760,1001,citeseer.graph,3327,9104,0.715552328,59306992,5,0.01878021,0.00001732,0.84730462,0.73989455,6570,2242,166,126,0.33721907,0.36290686,0.62639014,0.66486324
lim,amazon_photo,1,1934824,0,3605.0069,457,amazon_photo.graph,7650,238162,0.610115917,34606469318,7,0.01405777,0.00005918,0.90377701,0.82673138,193796,38044,3100,3222,0.34603196,0.53333862,0.63163399,0.79320261
lim,amazon_photo,2,1934888,0,3603.2232,458,amazon_photo.graph,7650,238162,0.611875798,34706291764,7,0.01656658,0.00007138,0.90416783,0.82776429,193510,37512,3632,3508,0.35035147,0.53759067,0.63281046,0.79202614
vieclus,amazon_photo,1,59508,0,93.2939,0,amazon_photo.graph,7650,238162,0.740099360,41979278136,35,0.00501951,0.00002153,0.92162548,0.86584762,187854,22786,18358,9164,0.56028094,0.66370463,0.84588235,0.67647059
vieclus,amazon_photo,2,63172,0,27.9918,0,amazon_photo.graph,7650,238162,0.740099360,41979278136,35,0.00501951,0.00002153,0.92162548,0.86584762,187854,22786,18358,9164,0.56028094,0.66370463,0.84588235,0.67647059
ucode,amazon_photo,1,1787804,0,1305.4363601207733,1000,amazon_photo.graph,7650,238162,0.563380680,31955593490,3,0.03145077,0.00020275,0.91850975,0.85671098,192324,29432,11712,4694,0.40504872,0.55802100,0.52679739,0.91803922
ucode,amazon_photo,2,1787804,0,1304.8766384124756,1000,amazon_photo.graph,7650,238162,0.554758815,31466551476,4,0.05175176,0.00029976,0.90635705,0.83724524,187586,29330,11814,9432,0.39678611,0.54319093,0.56640523,0.87385621
magi,amazon_photo,1,1594504,0,1443.5557179450989,100,amazon_photo.graph,7650,238162,0.720153439,40847922778,8,0.04799897,0.00022071,0.92574778,0.87191911,190156,23642,17502,6862,0.60636378,0.68922896,0.79882353,0.77084967
magi,amazon_photo,2,1594504,0,1445.3070657253265,100,amazon_photo.graph,7650,238162,0.716794826,40657418464,8,0.05062475,0.00023201,0.92168348,0.86537735,188664,23708,17436,8354,0.60261717,0.69450537,0.79895425,0.77058824
infomap,amazon_photo,1,66520,0,0.5920,0,amazon_photo.graph,7650,238162,0.597620743,33897728794,25,0.00037315,0.00000176,0.90631446,0.83065308,195086,38400,2744,1932,0.34766614,0.53767449,0.62026144,0.82444444
infomap,amazon_photo,2,66520,0,0.5908,0,amazon_photo.graph,7650,238162,0.597620743,33897728794,25,0.00037315,0.00000176,0.90631446,0.83065308,195086,38400,2744,1932,0.34766614,0.53767449,0.62026144,0.82444444
gnns,amazon_photo,1,5535140,0,231.1145498752594,50,amazon_photo.graph,7650,238162,0.716291147,40628849206,62,0.20347623,0.00018593,0.89922410,0.83170279,178826,21890,19254,18192,0.43699724,0.57457618,0.80052288,0.53045752
gnns,amazon_photo,2,5535140,0,231.92004299163818,50,amazon_photo.graph,7650,238162,0.719154288,40791249834,57,0.19296164,0.00019498,0.90256467,0.83671618,180114,21984,19160,16904,0.44554044,0.59092873,0.82183007,0.52784314
dmon,amazon_photo,1,794032,0,312.3895,1000,amazon_photo.graph,7650,238162,0.142914193,8106255746,8,0.34948669,0.00104940,0.62640290,0.49710701,100408,23160,17984,96610,0.09122358,0.15129540,0.40222222,0.49398693
dmon,amazon_photo,2,794032,0,312.6311,1000,amazon_photo.graph,7650,238162,0.118577594,6725856142,8,0.39318551,0.00101841,0.61145883,0.48546787,96424,21948,19196,100594,0.06187035,0.09384818,0.36248366,0.45764706
dgcluster,amazon_photo,1,919152,0,298.9017732143402,300,amazon_photo.graph,7650,238162,0.711327205,40347288754,8,0.04059319,0.00019814,0.92586003,0.87228021,189930,23330,17814,7088,0.60003958,0.68270254,0.80993464,0.80875817
dgcluster,amazon_photo,2,919152,0,301.2790856361389,300,amazon_photo.graph,7650,238162,0.706215388,40057340674,7,0.04594338,0.00022775,0.92681285,0.87398493,190030,23024,18120,6988,0.57490931,0.65922126,0.77633987,0.80718954
commdgi,amazon_photo,1,2068076,0,3606.6084,482,amazon_photo.graph,7650,238162,-0.000000002,-170,4,0.50000000,0.00023970,0.90539988,0.82715127,196996,41144,0,22,-0.00005962,0.00761036,0.25398693,0.99960784
commdgi,amazon_photo,2,2068076,0,3606.6869,482,amazon_photo.graph,7650,238162,0.001183963,67155784,3,0.44332869,0.00041974,0.90211357,0.82171799,195654,41096,48,1364,-0.00217513,0.02909975,0.26339869,0.98588235
lim,amazon_computers,1,4668988,0,3614.0806,157,amazon_computers.graph,13752,491722,0.539663572,130485538586,4,0.04522431,0.00014696,0.88927901,0.81299189,369282,79064,30484,12892,0.38641483,0.44669440,0.56355439,0.81471786
lim,amazon_computers,2,4673476,0,3608.0551,156,amazon_computers.graph,13752,491722,0.518557921,125382392310,3,0.05573730,0.00019162,0.88804100,0.81190591,366808,77124,32424,15366,0.29161577,0.34419566,0.50610820,0.78424956
vieclus,amazon_computers,1,127916,0,2804.96,0,amazon_computers.graph,13752,491722,0.641678424,155151763264,49,0.00465317,0.00001264,0.83905370,0.75115614,318952,59140,50408,63222,0.30026082,0.54727624,0.76257999,0.49956370
vieclus,amazon_computers,2,125360,0,2200.59,0,amazon_computers.graph,13752,491722,0.641693759,155155471250,49,0.00464923,0.00001263,0.83895169,0.75098531,318930,59202,50346,63244,0.29986157,0.54683860,0.76228912,0.49956370
ucode,amazon_computers,1,4365152,0,3602.911851167679,878,amazon_computers.graph,13752,491722,0.521418166,126073972418,3,0.05877012,0.00024258,0.87928480,0.79981372,358502,74764,34784,23672,0.24476277,0.40825787,0.48182083,0.79392088
ucode,amazon_computers,2,4365152,0,3603.071548461914,877,amazon_computers.graph,13752,491722,0.522003616,126215528522,3,0.06165486,0.00025260,0.87904497,0.80000488,357352,73520,36028,24822,0.22625234,0.39154746,0.47563991,0.77392379
magi,amazon_computers,1,2539004,0,3604.05962061882,73,amazon_computers.graph,13752,491722,0.606716327,146698259552,10,0.09493854,0.00022848,0.86305344,0.78018067,340598,66514,43034,41576,0.40069763,0.54471980,0.71851367,0.61445608
magi,amazon_computers,2,2539004,0,3605.8117187023163,73,amazon_computers.graph,13752,491722,0.605693092,146450851020,10,0.09687673,0.00023472,0.86278906,0.78045725,339410,65190,44358,42764,0.40006273,0.55136679,0.72447644,0.61409250
infomap,amazon_computers,1,118300,0,1.3251,0,amazon_computers.graph,13752,491722,0.450419050,108907058714,37,0.00080868,0.00000197,0.88369751,0.79987879,373850,90080,19468,8324,0.35344715,0.45522986,0.61111111,0.77108784
infomap,amazon_computers,2,118300,0,1.3216,0,amazon_computers.graph,13752,491722,0.450419050,108907058714,37,0.00080868,0.00000197,0.88369751,0.79987879,373850,90080,19468,8324,0.35344715,0.45522986,0.61111111,0.77108784
gnns,amazon_computers,1,8061904,0,589.3272132873535,100,amazon_computers.graph,13752,491722,0.627890026,151817859252,65,0.18679897,0.00013726,0.82211517,0.73042085,306316,56700,52848,75858,0.25446218,0.52681747,0.77523269,0.45818790
gnns,amazon_computers,2,8061904,0,592.235134601593,100,amazon_computers.graph,13752,491722,0.625812958,151315644072,75,0.12546145,0.00015505,0.82395492,0.73392283,306180,54842,54706,75994,0.23999733,0.51778722,0.76672484,0.41710297
dmon,amazon_computers,1,1009540,0,658.2497,1000,amazon_computers.graph,13752,491722,0.097041644,23463750232,10,0.36935138,0.00313867,0.54153869,0.45722176,157630,42352,67196,224544,0.05297989,0.10542420,0.42466550,0.34060500
dmon,amazon_computers,2,1009540,0,657.1944,1000,amazon_computers.graph,13752,491722,0.091926286,22226905216,9,0.39078923,0.00092369,0.52390282,0.46231407,145470,27688,81860,236704,0.02841865,0.06705995,0.39856021,0.41172193
dgcluster,amazon_computers,1,1410920,0,594.4783532619476,300,amazon_computers.graph,13752,491722,0.609110238,147277084506,8,0.08317543,0.00022903,0.85480874,0.76766954,336298,68366,41182,45876,0.37361916,0.52011428,0.70978767,0.61394706
dgcluster,amazon_computers,2,1410920,0,593.9253077507019,300,amazon_computers.graph,13752,491722,0.556622700,134586095124,19,0.28136911,0.00059505,0.78533097,0.68793749,280682,51956,57592,101492,0.23969877,0.46613698,0.67197499,0.57198953
commdgi,amazon_computers,1,5349444,0,3603.7250,172,amazon_computers.graph,13752,491722,0.000000000,-98,2,0.50000000,0.00025453,0.87462609,0.77718711,382160,109548,0,14,-0.00006125,0.00188392,0.37507272,0.99992728
commdgi,amazon_computers,2,5349444,0,3616.2739,172,amazon_computers.graph,13752,491722,0.000000000,-56,3,0.50000000,0.00010909,0.87463325,0.77719931,382164,109546,2,10,-0.00004229,0.00384923,0.37514543,0.99985457
lim,cora,1,662188,0,811.8974,1000,cora.graph,2708,10556,0.694593916,77398000,6,0.07001035,0.00012001,0.86619161,0.77586207,7658,1474,532,892,0.19292192,0.25932591,0.46639586,0.46159527
lim,cora,2,665448,0,795.4453,983,cora.graph,2708,10556,0.663585527,73942762,6,0.06820000,0.00011715,0.86313166,0.77112543,7618,1484,522,932,0.10708004,0.18659424,0.38921713,0.45716396
vieclus,cora,1,20480,0,276.554,0,cora.graph,2708,10556,0.825492104,91983872,105,0.01424726,0.00002110,0.87711864,0.79120879,7866,1520,486,684,0.23799248,0.48147449,0.78064993,0.37444609
vieclus,cora,2,22528,0,145.795,0,cora.graph,2708,10556,0.825194660,91950728,105,0.01426678,0.00002112,0.87788558,0.79253505,7872,1512,494,678,0.23938359,0.48310974,0.78175775,0.37629247
ucode,cora,1,580308,0,223.566819190979,1000,cora.graph,2708,10556,0.680095931,75782502,7,0.06707090,0.00011306,0.88618436,0.80863964,7864,1334,672,686,0.51243073,0.57193072,0.74446086,0.78618907
ucode,cora,2,580308,0,222.23937249183655,1000,cora.graph,2708,10556,0.683625492,76175798,6,0.06785487,0.00011870,0.88332578,0.80485032,7798,1308,698,752,0.50682882,0.55190553,0.69054653,0.75516987
magi,cora,1,866288,0,119.28715968132019,100,cora.graph,2708,10556,0.743990530,82902222,7,0.05152033,0.00008718,0.88575865,0.80485032,7986,1496,510,564,0.45094131,0.51286570,0.69017725,0.68943870
magi,cora,2,866288,0,118.59571623802185,100,cora.graph,2708,10556,0.744562266,82965930,7,0.05098097,0.00008618,0.88649728,0.80617658,7990,1486,520,560,0.45200965,0.50859743,0.68980798,0.68648449
infomap,cora,1,20388,0,0.0987,0,cora.graph,2708,10556,0.796185173,88718226,90,0.00726794,0.00001133,0.88377217,0.80011368,8022,1582,424,528,0.26128214,0.45919216,0.71787297,0.45420975
infomap,cora,2,20388,0,0.0985,0,cora.graph,2708,10556,0.796185173,88718226,90,0.00726794,0.00001133,0.88377217,0.80011368,8022,1582,424,528,0.26128214,0.45919216,0.71787297,0.45420975
gnns,cora,1,1371980,0,35.94305896759033,50,cora.graph,2708,10556,0.757326611,84388250,51,0.10186829,0.00013602,0.83669855,0.73796893,7086,1302,704,1464,0.11653899,0.32067841,0.60376662,0.24815362
gnns,cora,2,1371980,0,36.39763355255127,50,cora.graph,2708,10556,0.761767245,84883066,52,0.10484627,0.00013973,0.84148497,0.74516862,7140,1280,726,1410,0.11389712,0.32890372,0.61189069,0.24372230
dmon,cora,1,663708,0,55.5971,1000,cora.graph,2708,10556,0.735403386,81945364,7,0.05902986,0.00009665,0.88115166,0.79821902,7896,1476,530,654,0.33549490,0.44533969,0.61669129,0.58862629
dmon,cora,2,663708,0,55.4243,1000,cora.graph,2708,10556,0.739230626,82371830,7,0.05726110,0.00009538,0.89153940,0.81564987,7998,1394,612,552,0.42832322,0.49986361,0.71898080,0.68279173
dgcluster,cora,1,550912,0,44.77768301963806,300,cora.graph,2708,10556,0.789677270,87993056,20,0.05551534,0.00008116,0.88256228,0.79992421,7936,1498,508,614,0.35623229,0.48997336,0.73153619,0.53138848
dgcluster,cora,2,550912,0,43.59000563621521,300,cora.graph,2708,10556,0.772295838,86056258,11,0.04477206,0.00007193,0.88447012,0.80295567,7962,1492,514,588,0.37216864,0.47044005,0.68870015,0.59896603
commdgi,cora,1,762048,0,931.4343,1001,cora.graph,2708,10556,0.676960629,75433138,5,0.04540283,0.00008116,0.89263668,0.81546040,8098,1496,510,452,0.43019292,0.50849922,0.65546529,0.77400295
commdgi,cora,2,762048,0,936.7202,1001,cora.graph,2708,10556,0.724546980,80735644,6,0.04633053,0.00008037,0.89795019,0.82455476,8148,1450,556,402,0.51872550,0.54558739,0.73190547,0.78286558
lim,coauthor_cs,1,7401920,0,3633.7698,90,coauthor_cs.graph,18333,163788,0.563399503,15114041808,3,0.05038929,0.00003732,0.89054694,0.81298996,124608,22888,8550,7742,0.25015270,0.38352865,0.36551574,0.82474227
lim,coauthor_cs,2,7411304,0,3629.3957,90,coauthor_cs.graph,18333,163788,0.175327892,4703435284,4,0.28355501,0.00019906,0.62825610,0.52042885,66374,12572,18866,65976,0.05134624,0.04878768,0.25844106,0.51830033
vieclus,coauthor_cs,1,58104,0,2545.01,0,coauthor_cs.graph,18333,163788,0.759310109,20369639446,34,0.06490982,0.00002346,0.91512725,0.85946467,124094,14762,16676,8256,0.51703990,0.65921192,0.76806851,0.71739486
vieclus,coauthor_cs,2,58468,0,2811.52,0,coauthor_cs.graph,18333,163788,0.759294146,20369211204,36,0.06563646,0.00002254,0.91371225,0.85710797,123914,14968,16470,8436,0.51615831,0.65727444,0.76626848,0.71090383
ucode,coauthor_cs,1,7746732,0,3607.8164904117584,383,coauthor_cs.graph,18333,163788,0.558306168,14977405424,14,0.28073147,0.00012413,0.88822990,0.82142770,116216,13114,18324,16134,0.44756136,0.61239180,0.59188349,0.84983363
ucode,coauthor_cs,2,7746732,0,3605.128108739853,383,coauthor_cs.graph,18333,163788,0.600066195,16097681148,14,0.23152839,0.00008097,0.85937451,0.77927565,110464,14266,17172,21886,0.47087982,0.60520775,0.63704795,0.74575901
magi,coauthor_cs,1,6147148,0,3629.396939277649,21,coauthor_cs.graph,18333,163788,0.717204938,19240104686,15,0.10687327,0.00005488,0.89260504,0.82833907,116842,12608,18830,15508,0.52737204,0.69675751,0.81328751,0.64670267
magi,coauthor_cs,2,6147148,0,3635.5791063308716,21,coauthor_cs.graph,18333,163788,0.717124791,19237954638,15,0.10616624,0.00005415,0.89051886,0.82484675,116674,13012,18426,15676,0.54944096,0.70487630,0.82174221,0.66764850
infomap,coauthor_cs,1,78348,0,1.4362,0,coauthor_cs.graph,18333,163788,0.688317158,18465146406,9,0.06888364,0.00003432,0.90220155,0.83466432,124908,19638,11800,7442,0.51223610,0.58167235,0.56788305,0.85670649
infomap,coauthor_cs,2,78348,0,1.4402,0,coauthor_cs.graph,18333,163788,0.688317158,18465146406,9,0.06888364,0.00003432,0.90220155,0.83466432,124908,19638,11800,7442,0.51223610,0.58167235,0.56788305,0.85670649
gnns,coauthor_cs,1,8307308,0,668.7921011447906,150,coauthor_cs.graph,18333,163788,0.696897249,18695320290,131,0.17278099,0.00006112,0.84360234,0.75749139,107124,14494,16944,25226,0.23304230,0.47063571,0.69644903,0.40249823
gnns,coauthor_cs,2,8307308,0,665.1996130943298,150,coauthor_cs.graph,18333,163788,0.704417102,18897051712,120,0.15670010,0.00005525,0.85409135,0.77279166,108918,13782,17656,23432,0.28587287,0.54079936,0.78148694,0.44608084
dmon,coauthor_cs,1,3499280,0,868.5905,1000,coauthor_cs.graph,18333,163788,0.726200488,19481423890,15,0.10282385,0.00004691,0.90676112,0.84859697,120582,13030,18408,11768,0.55567322,0.71967285,0.79294169,0.73086783
dmon,coauthor_cs,2,3499280,0,859.6334,1000,coauthor_cs.graph,18333,163788,0.727649553,19520297250,15,0.12069630,0.00005052,0.90879841,0.85185728,120892,12806,18632,11458,0.57321470,0.72410001,0.80046910,0.73555883
dgcluster,coauthor_cs,1,5853184,0,800.5039436817169,300,coauthor_cs.graph,18333,163788,0.727107320,19505751036,11,0.07192378,0.00003633,0.91287460,0.85455589,124800,16272,15166,7550,0.66579914,0.69644807,0.70850379,0.82986963
dgcluster,coauthor_cs,2,5853184,0,833.5591707229614,300,coauthor_cs.graph,18333,163788,0.717672228,19252640470,7,0.06517005,0.00003869,0.91983330,0.86493516,126914,16686,14752,5436,0.63237243,0.68249466,0.65952108,0.90525282
commdgi,coauthor_cs,1,9522124,0,3613.4276,84,coauthor_cs.graph,18333,163788,0.629215010,16879642104,10,0.21256156,0.00005408,0.91016669,0.84779105,126292,18872,12566,6058,0.48904392,0.64690296,0.50117275,0.93770796
commdgi,coauthor_cs,2,9522124,0,3607.2793,83,coauthor_cs.graph,18333,163788,0.604821068,16225237810,13,0.26098325,0.00006827,0.90323329,0.83697218,124620,18972,12466,7730,0.47312610,0.62457283,0.55304642,0.90023455
lim,coauthor_physics,1,24464964,0,3679.5229,26,coauthor_physics.graph,34493,495924,0.105122092,25853791992,4,0.33709423,0.00022118,0.72276771,0.57629395,273908,22108,11890,188018,-0.04110961,0.05798034,0.50601571,0.76574957
lim,coauthor_physics,2,24450980,0,3680.4618,26,coauthor_physics.graph,34493,495924,0.144754513,35601013806,4,0.29672380,0.00017956,0.61844125,0.46877344,213502,15024,18974,248424,0.00122007,0.05719695,0.50520395,0.54002261
vieclus,coauthor_physics,1,133784,0,3321.58,0,coauthor_physics.graph,34493,495924,0.695698415,171100495292,28,0.08805078,0.00003521,0.86833265,0.77523169,367560,17102,16896,94366,0.22544987,0.52380422,0.90284985,0.41289537
vieclus,coauthor_physics,2,134680,0,3511.06,0,coauthor_physics.graph,34493,495924,0.695712822,171104038698,27,0.08418797,0.00003562,0.86810419,0.77487680,367406,17124,16874,94520,0.22512993,0.52486070,0.90340069,0.41211260
ucode,coauthor_physics,1,24206428,0,3625.135151863098,117,coauthor_physics.graph,34493,495924,0.480175876,118094749808,11,0.34068720,0.00013330,0.85793718,0.75868480,361364,19112,14886,100562,0.34841013,0.47844810,0.71533355,0.76038617
ucode,coauthor_physics,2,24206428,0,3625.178377389908,117,coauthor_physics.graph,34493,495924,0.432801632,106443499128,12,0.36268216,0.00007976,0.93245030,0.87655770,422524,21816,12182,39402,0.49638212,0.46800276,0.70127272,0.83393732
magi,coauthor_physics,1,14502708,0,3691.426192522049,5,coauthor_physics.graph,34493,495924,0.620192248,152530462330,5,0.06376142,0.00003386,0.92000251,0.85623604,409966,19336,14662,51960,0.41619594,0.57035616,0.75490679,0.63412866
magi,coauthor_physics,2,14502708,0,3673.2698254585266,5,coauthor_physics.graph,34493,495924,0.618578050,152133465340,5,0.06431106,0.00003409,0.92047845,0.85717570,409936,18840,15158,51990,0.42379023,0.57789353,0.76090801,0.63943409
infomap,coauthor_physics,1,158676,0,3.0101,0,coauthor_physics.graph,34493,495924,0.591980033,145591932666,14,0.09619065,0.00003156,0.92856173,0.87062937,416966,19198,14800,44960,0.49416558,0.54787973,0.86547995,0.67741281
infomap,coauthor_physics,2,158676,0,3.0360,0,coauthor_physics.graph,34493,495924,0.591980033,145591932666,14,0.09619065,0.00003156,0.92856173,0.87062937,416966,19198,14800,44960,0.49416558,0.54787973,0.86547995,0.67741281
gnns,coauthor_physics,1,8109868,0,1906.7524316310883,350,coauthor_physics.graph,34493,495924,0.614511595,151133359072,182,0.19293506,0.00005801,0.78702409,0.66210145,309620,15266,18732,152306,0.07275411,0.28588954,0.75438495,0.18586380
gnns,coauthor_physics,2,8109868,0,1905.8363282680511,350,coauthor_physics.graph,34493,495924,0.648922312,159596351892,170,0.17777174,0.00005184,0.82172236,0.70833837,333344,16060,17938,128582,0.11327605,0.38910114,0.84277969,0.23167019
dmon,coauthor_physics,1,7376172,0,2060.9176,1000,coauthor_physics.graph,34493,495924,0.634182548,155971245146,5,0.06267131,0.00003294,0.92348798,0.86199498,413030,19544,14454,48896,0.38513091,0.53833504,0.74963036,0.60696373
dmon,coauthor_physics,2,7376172,0,2003.4662,1000,coauthor_physics.graph,34493,495924,0.632677992,155601213844,5,0.06332539,0.00003317,0.92251731,0.86031731,412380,19726,14272,49546,0.38488214,0.54339913,0.75105094,0.60522425
dgcluster,coauthor_physics,1,13195264,0,1833.2837219238281,300,coauthor_physics.graph,34493,495924,0.660487717,162440754538,9,0.08363085,0.00003808,0.89894468,0.82254942,391414,17490,16508,70512,0.33378768,0.56637545,0.84991158,0.51285768
dgcluster,coauthor_physics,2,13195264,0,1961.8387067317963,300,coauthor_physics.graph,34493,495924,0.659261503,162139178832,10,0.08467864,0.00003625,0.89810795,0.82119438,390800,17548,16450,71126,0.31916575,0.55927542,0.84591076,0.48763517
commdgi,coauthor_physics,1,31014228,0,3660.0663,27,coauthor_physics.graph,34493,495924,0.523038079,128636306250,5,0.13572577,0.00003378,0.93545343,0.88194965,424230,20848,13150,37696,0.53768435,0.57489387,0.73258342,0.78389818
commdgi,coauthor_physics,2,31014228,0,3664.3544,27,coauthor_physics.graph,34493,495924,0.425835803,104730318814,5,0.22904931,0.00004414,0.95872815,0.92329067,441850,17966,16032,20076,0.63478863,0.58932869,0.71347810,0.91769345