graph                 , nodes  , edges    , modularity , N                , clusters, conductance, cut
amazon_computers.graph,   13752,    491722, 0.478537134,      115705745130,       10,  0.13505033, 0.00033529
amazon_photo.graph    ,    7650,    238162, 0.630832647,       35781545780,        8,  0.09964825, 0.00049518
citeseer.graph        ,    3327,      9104, 0.538618137,          44642188,        6,  0.15552876, 0.00013787
coauthor_cs.graph     ,   18333,    163788, 0.698921141,       18749614252,       15,  0.11447747, 0.00005654
coauthor_physics.graph,   34493,    495924, 0.468619746,      115252628152,        5,  0.06419802, 0.00002204
cora.graph            ,    2708,     10556, 0.640118810,          71327886,        7,  0.10040653, 0.00017180
ogbn-arxiv.graph      ,  169343,   2315598, 0.492825461,     2642527218312,       40,  0.28219075, 0.00001279
ogbn-products.graph   , 2449029, 123718024, 0.728661563, 11153002796887600,       47,  0.26448879, 0.00000581
pubmed.graph          ,   19717,     88648, 0.431770884,        3393057634,        3,  0.11195323, 0.00003575
reddit.graph          ,  232965, 114615892, 0.708105149,  9302237637889380,       41,  0.16929909, 0.00037429
